Owner,AirdropAmount
3zHAWcpaFb182yrQ8brfgPZ2gJHR9NHodN5GqMkQYZ85,563075.00885286
6gK8gc9cbMyXgPkVBDECRNm24sPpDwK6nhWXViXTt5tS,75001.20837927
9KvyqmUVH4b2hpt8493aAQ6Cefgv649VivbxWxCSxhR,75001.20837927
5Q544fKrFoe6tsEbD7S8EmxGTJYAKtTVhAW5Q5pge4j1,57521.16478140
3KQSjspQbM41ngPwmGjuLyGfGLCyzaMMbspp398nKZDw,56612.75720679
4rkDe7zpw85XjdQf8AcPsLQyfkuaBCYtgFf4mWzEPbBM,39480.41145006
8QT9KnWqkzdCb6XJFHkpf2QvSvLUkoi8gXKhLgpUK7of,39000.59835675
owaiEcw2A92x6rhjoJ5i2kgxKsZE2LHkT4fjuL7ARH9,37875.33223173
32oe7fw2nnkU88muZX2MXYgQRg1KFVmud1YrMTcCnBMq,37564.53335787
Ghjxd4gUCGzcG3guJamyeT468BmDkZYk7prpyP227zY7,37360.87857531
EdGSc1sc5LxeBtHiKVqY1h8mWLuwKbGL6A5MCU5N2NAd,36848.10228771
8fJ8FZjKwyqtkWCQ8JsdMQkB8ETYF4e8TAzAZQVoXMKx,36385.63765326
J5vfBxWGq5u5oJbxcgxXbP31WvGi8GVpgKL7CV1ZDjrc,36000.55002156
3WEpNhQa5ZKWPcAfJwwoYcskZRyU39pAYcsieZvEt8VQ,35905.17115653
4hGY1Z8zddysU4n6ZYRArueJHJn2aP9U5tS8k8L7fyg3,35505.19492053
E1jtqCdEHQffq1CFY5Bgnjkao4vEdDh2Uup3RqCcCmmh,32522.05357464
F5BwXazdmZjM5wYFZEhf18P9zdg5ZVAyUwwCVrgwfhsd,30070.71034740
AmHXV2KtNqXcyedjpgUVjqzGoLTw9RC1HTbw6HSmiUoM,30000.48335172
4Z3CstAiv7Yg5jQkNTST8vg4dAwiA2241iqPsa9n2T6H,30000.48335172
6JmyvYoV1LTrDCuK1f6Bm6Wu8KrPp6mnL1oVTcFrn8ou,30000.48335172
BMLb9KDprPjwKyPLdQdAynJARnu74Zh4apoH7Ggrz6aW,30000.48335172
ExLUroEo3okiMbfvX6X4HaGjf1HEBAnQadcCU5gWV2X,30000.45335124
Cd1P2qjwiRnjQweUq5nMFGQCDCV646evibRsSB4HsWkM,29367.65615016
62AtSMTt6FnvGPuCkxecFrguVS2aX9vNPhSoWkZsHMDp,24542.42498247
9QjfTxDfABdXAxWEAk1FMoWaEksdTVGryJfSLbeNroYS,23509.73177619
9ufRZvWx2FynidF3XKRHShB1owe4CRJYiqiymSWTryui,22943.48042577
3TPNx6bzAiYGNy6CC2TJR92iU4aPvig79uocwsk4f73X,21999.99862353
Bu4VqJmUCXfnUXfjuSgHA1XBmVjwzE9thzYaMitmRpVu,21187.37738280
DCBzkdY6XtSMNgqeppLtKoAcTYTNKLf6FVtYy5LZvB2G,19779.53519133
2ufmjQpzwxV5jjLfgZBm3qCs1Nt16zSDKA19APLotqwR,18451.91825880
5GGGPLkANNgNASJMJYDu9Q4osnQknAD5kN6nEpjSYsW7,17168.75833416
dcmm7rJp6gCxkXJe4PVb3YNVjGicZfPBpWKkhBTbJtb,17020.84720407
BdKMgpNV62jTTch4Bvc63my9cqe4pHSgTe1x8mEfhWtb,16768.19783523
3aC93gGf6ZqwxiAtKZiJ61zmEoXeSA8gfW6fjRhk2ShY,16489.16585883
5VemEud9hTgVGUjA74deT63X1dssH7hNZy4wTdFmPvxv,15532.73235687
BLAQYaA7duCMQLvCv5gHVtCRbnMo8PW5FAns8s5xJsE2,15130.77605370
Aawh4VZRS5RWEXjQvJs7nhXuhG3QoMXy5WxSTfD3eoUx,15007.39839435
5zzABDCKZHeCoQDS2MYQvGugGE6r7GDgSUfhELyUPgNJ,15000.24167586
H3934Bvg3SgWNXaQQtPZa11BAm65cHykgnMUfTxeepqH,15000.24167586
T5Hn7LcbPo7Ftix4dY8u4MGg88vvkjARjpjdedSYDTZ,15000.24167586
8YeRcRndyP13wbYjje6TTm9gXVkt8oWwUbF1FS4ExfcA,15000.24167586
FEgexWRf1VcaKeRZ4HFHYFsCeWjCssJ8J2SY2MuWgQb,15000.24167586
dHG331g6cDYhZt5dUtpFXHqQuzJNV3adazmbVmsbBDm,15000.24167586
5RdVyfWgVkDV7VvwCRAHnfF6qNjF5qvwXXfYvQx3eyjj,15000.21167538
8WRUYRJhkwfnguVs7VYUmSzFF7e9dyW8ovWPFttxgcth,14064.51282045
2xz2EAyLnEd5quoe5W7azGnSo5Bg6vDk8yDXKB8crryQ,13640.22978489
CQx35noambGa6izHRfqFDahAm2Ktxubut3UbwpSuBRna,13487.21401428
GMzziAstDZGEyKjXNKAidCVn7PJyY1gNKuzp4w5Jft4i,12750.20542449
28WAGzYLePbQRxbwE26gk1faKAcExzcDFST4FQ3YsYUy,12715.81102113
J3ABW43nGVrY9jv3imVn79axjUyLErjRZUKCqwjAdXQr,12600.20300772
3mxe3LkpJAJ8NamgGpcmUStUwJBVwhhB4ZGqMgc6rQwH,12573.64248060
5n4sBXCLb7SDXV6dnVmnVvdm49bGviKSYpFTQK5VG11Q,12085.70694699
b757kxRi7LjdXVQn9M4RWRczrYdV81BrpgVzMkyP4h6,12000.19334070
GamtorLV7adhhDxtDuqBjJnpQaMF33EoxyPtnDsAzRp2,12000.19334070
HNFS3RWRPozP8UpAHnpZGgLhsnzSAvQYV3GzDaz8LHzi,10500.16917309
2XR3R1ChrbjQkcxYB8RKqZSCe3WfwGV3C9gfmHaJaBHZ,10317.36282840
GE3UWrR6ykN4oYdrbBsPHPSMDmvB5Z9Fz6LMhxB6LeSk,10114.46290800
6Ee7NNNNCfbSXKD1u81616Qyj1jK34DyWvvH5BCEsMFU,9571.45297419
81uThXri2sdherYFbXNozvb7S3pgCeFUx7aSetqpMdSo,9438.40067997
68xvLa46JMSRCDd4VyoZoffnDYossvwMRzUTdcpGHV7S,9423.36670323
BrShEbogkqbY9cYcJUyTcAunA2WxccQX2w4VGK1PH6yp,9324.44001642
Gdi2LMqYHw2o7erphL46KHQpgGDJReBzM6emr6oz7GEd,9178.01998839
4daVTCMTXeKBvDuhzyD2eqajHMCwDFQgc9ugw5tLBbbw,9121.72114701
6PmNB4zUhBt9k1n7e7Ue9fW5vAVieZLDhrjJ3aRM2j55,9023.49524142
FCJLEh548MZ6W15TfbaL4GioxGr2rDKxjLLLxQThC8sM,9003.75978396
BoHZvWbppgTjzuMWBoW4biGyVurZKEm7Q8nQ7V63hgp9,9000.14691309
5XHR8mEy2jVfJfd8k1PJ4jWaXCTHzhLGjp2KoAzVnWqv,9000.14500551
Bv25Z3ZnxtrHXKE9YRH5Re7Fxz3n9KNo7Rd7uFGrMeQX,9000.14500551
Gp4WFEGSLohKsCHQA1pNobnfgSjib2ZKgUefA2KsVLFF,9000.14500551
Aw2UsSx47renTsfq9kTeeznd7y89bBbTFYZ3YXbjRRpr,8885.01337524
BU7nmaBt51cyHkP1r5kfZdST1EHciY3jkvycrPrA1yTe,8780.92213644
ASTyfSima4LLAdDgoFGkgqoKowG1LZFDr9fAQrg7iaJZ,8671.84634670
DF1RKciicKh6gPEU7XpgwRikfJ5dPoC8ZH9ygjo6V9Pj,8588.03459019
EnGZBjDA5tTkcX8SHLa6mEqty22tV7NpdWAKB9r7U5pi,8490.14540631
JqyVnwzk4m5oM3Mme1tw3BHmLkZ4aqNSZyD6cMfMEF9,8297.59344396
549yjh8E5F8d9d6b7ahXsjqUfgzQkZX7rq7r81ygWefd,8086.70399721
EUMSy1paPA7nxMNoQJ8eTYzcm1rJ7pjBm8LLSPdmv7vZ,7500.12083793
2Xiw3yvk9UfWwVy2bhnQjiQo2asdoSi2qwKFeaq9PYWZ,7350.11842116
GrqTwc5b6vLfouD7Qjx1tBuWnHsATFU2epJNCxFwLE5o,7248.82366290
CwfC5L5yRkXaccv4f5PMxp1ENH8xffMVDjVbZuxvQgK5,6704.69216253
5gPagGaLcFSjv951xo24mKFYkZ9e9PZbw3xoSV2uCBHd,6230.88932445
FybRkAm1tnBgMhi2c9u2gxozvrNtQDaUmAGiMwCPZSbt,6066.17560296
2GVm3oybRWWSePU3SUj4soEzUNPSJ3Te62EbYYxQj8Q2,6051.38324112
9w9867gBLAurxTRcdJbtxWjRn4hZTU89FM7E7eTNoLk8,6016.75032174
2PZHsXYdFnTsnHLGX3nqFcJdrDstZd9eg7M5QoQgPDsA,6012.50413956
BieMNUVgL1JWxhiWfgFPMQXYaQQYBJAbk3bFHKmVnMgN,6004.00514691
32MEPRdxAWzuxvYuLQowMZw2yyMTuseVyNqjgtq94TFv,5930.93804286
DnQUVL8Ued3UrD1Cf7r2m2ZSgeky6czpoMggJX1PZLqE,5164.70481957
GeSophKhB8dje4iBQrzmjrnwo8U3qtxxjTFMEzDPjdHE,5064.32178822
Cmms4T1HvgtbLuHFcQES4Ka1gip6PKyR6p4aC8Hz6Bzi,4960.95708948
DrjW2z6k8rGbQUc9wJPnaN59dTqaZF2Gzh3yEqFpNnkJ,4951.73118219
HQcDh8PhhGr3w7RofruHLi3G2tKa9kcRsUJ2FVucQ6Ri,4945.99968729
BbYDDnXYiDLhaptgfPa9V2AWn46YheLnonNauLRCNapB,4853.56084797
6u4FjGM9xyHEnKmquWxihbqQjhXDufRD56wux28FTXTd,4747.54788585
G8tu3xePunDLm9Uo2LNd7skBrkjH6zgzakADBBZe87Vw,4609.86721050
5LzCqEQdbYfxknbQKV3gdHW9DxcCz8vz2r4CT1CuQi6r,4502.39900643
BNSzAEw9wx2NNoNE3tpmcnpN6fqCN46pL4Cgz642k6ap,4502.08209156
6CaPqnYHScxnQu1zzgj8MBXYv3cc7WP9skMMso6RUGYy,4500.07250379
GWbbUvEuh77WG6iauUDjKbeZj16Nt1Ns1V38R3BAFfka,4472.41926588
JALSqbN16eX5U7vuR7pw8VEgFZb2mdXrdJZtmYJKTynz,4324.58125116
8B2JmRr5tdvxrcpPv234CnqvzK45SimwLGqpWeEeP7Rh,4321.68240555
Bxf3XgAV8bgRkAvLPxgZXRspardWbYVNc3T2GHvFhmGj,4077.83240202
n3Q4kFd8EWmXk9fJxwfD1XkDYzUp1jQ6Y2Jmg53gazG,4050.06525249
66Whuhhd3vV15RKeUASksvhEpxEJdibg77AtXZhY2fjx,4033.39213542
AuHL3vyzfcUiqmjJMUkNnH9CWDb66bp6KkCy9Dt9xAMh,3938.74516776
41aUQ3Q5qhMJhewU3vK4uyLfAbxXrqyb9mRKkUjPk9yz,3904.20201399
ATTMDv7LxWTwwXELhHxJQRv3TayikJiYXz71nQGYTrwS,3867.31751241
2fRCqc84E8K4gQgRHLwu8YqhKWvePBLhuLH1YQgNtUZm,3826.93594101
6c1HHnWvPw4T2Tb3ykJZeSVp1exMmjK6Y1YpwELWNpr7,3750.06041895
FP1V28kZHxkGtiHgc4EDn2W2CDD3ns5GFR7BZ52m4n6t,3750.06041895
5W5vnVSX7NjaghpfMf1jyvtcQNyRffk7hDZS67rKXQpW,3676.86997830
GzuFDx92H5wxfSB4W6HWkpL4r1bx7nYkKTEYSFpB9H6Q,3649.25443830
EcAaFpDAn2NjtsEfAuSvUjc1Hjoid977dwKWqq5JEzhh,3592.87498848
DrxaffnTCt851FmkEwobDksmgXSU2jYNwpFkgtdJfoue,3580.24484610
5gimqq76JPfJiE2XuCvUFc4sTXhnQf68hZMKH6wqYPNi,3550.27416510
H2kT8rcbHuLutaJVTTy8oftEgcZ48gFCjmyTEqCqRdDi,3519.71857893
2TcM7W8XYEWGfMs1XrPhHYbSj1BC9LExTtz9bPxhWeJk,3450.05558544
GcGvo1qLT5BXjjRZDCSpduT863EycUy2XE2rmHZVVKBo,3406.01257551
7hRKMffsVg3s5Bbj4E5Bm81PWfB5CodW7tMdMrLAZPY9,3346.63187586
Fcg2C7gF7tPc9CZ4Qi6yqUjzaRaed9xfhvLXJD3sLLqr,3325.02385017
BbZmuBVheCrFvHKdtNq551Zvifna1v9Xp2TyyT4WTgq3,3271.20537513
D44ty7komU2SVCo4TDmi7hGC8Qk6X58REYTobv9TCYsz,3263.37082773
9bcTWAxxftSoU8C4GhkNQnU2BrYx8Ufy9vgVdN1QGKNm,3235.24663992
FmfRxxJR5DhrYDrfKzSFcmJAJpkg6rQsGjxb6DibdN3,3184.88627163
B2u7eMGrfzZ7SMLQuWSSyybSGGKFGreBwXio6RM1cP5y,3175.58327964
1YtWWZw9e5aKDh94ncU92PVHpxJGszpzF9ghMeJeV8s,3116.90139600
8zSEuNci4ti6zEkoiyPgzht2sWqJqRkgCEwwyzcfXDim,3096.15437403
FaFsj2s7rrPzi2x3rteWocevvo7oQtxUdXdXrgA7YS43,3093.29582526
HVTdiGe9RCurtx6SMN9X3JDrhoVHiBnyszcKh1azrZbN,3063.04935021
CXJgJaNYoijShTV7b4QpcvqmL7NALqrzcx8fzQxQeN9C,3060.26287860
8iYiiRP1Lxi9kofoJ3PfqTFHftKavmVmARfGYNC1n8kb,3055.77219315
GCR28KAA3KMsuKCtMwapLNerFxCGTxTbD9NR15Hkj6QT,3037.35811653
UPNBvqVGY9zizdvbNFnoC71XH5YZCePRfrSCNWrdPCP,3030.60699825
ATKqrZGRNv7aBNuoCVbRgbST7EjpiUM9Uahz2hHSkaXi,3011.51173062
CgJQUYuXTnVTR7TQuF5NrcPBQurn81Fk4FX2UbiRU64D,3010.26006102
9utAocoBsRnHDHjma3iSpqe8ks2HLPWcvHKyAafvAUuW,3000.19939578
CJYQsyQTxqLJikpM3JThcAFkgEWhA59afRWJqVSy4esh,3000.05222484
FBsAa3Y6LvRXM92s211jV6w6JByMd291MueNYM3fRcFf,3000.04833516
4imj61KdcWCtWgh4n94M8CsWiSnXrqQTJgXrye2xUmKu,3000.04833516
C6D7BYzYkqiSqX7xTw9TvCtdabZghzmTLgJ5G6ZvjRHr,3000.04833516
6YvKrz3ffMBtdmEddBBYWxcm4hKgJZe9LcCdHVTsQLLM,3000.04833516
Fqd9AvFDpBPiNzJQuK7nhWTJQES1SXyhzRzXxyS85Zoh,3000.04833516
BrnZ9twLLXmVtC3sgHMEyupk4F5p5FjftE55ouvy9u4,3000.04833516
BsjPsjqkmJsjKGox4tKhKKoo2fYMuS2wW8GWMC2ewkZS,3000.04833516
6AqXjwS4d1PnpWP7Zyd9FZNAb485rUFQM4G71EgcB9Tg,2975.20513221
J9XtGAZyZ1UDsx3fKPZzpN4UND2FmyWptKTFNWDeLjfd,2970.18678852
52vdfEgaeyTviDJDRgs7jCojBuJVBDV6C5UGNWfedFaZ,2956.55813316
XfCY6ZjCH3udnD5sr3UimL1eZgGL5UYYWTyhXqbZyT7,2948.31993441
87cLjG22JfkvYFbCCBGdos6663g7JRvaiPNYVM6UnN9f,2941.11097074
Eh3eoyD1BJDfW5RFokEDWbaek5D2PNesBfzonkfXSQrW,2833.51369320
DboAtkYNrxE4KsVEG8tZnLa1ZpE6j13jrPQ89bgkkG9V,2821.36231134
ForQYxfhLMv3ieCWQYxMWwACZZTp16rBUe3r8cwRLnB5,2750.12975433
HUaTXxRUc19svyVCjDFqoBhHqVgWHfNA7rHtvsEnEXyq,2716.69651482
GS7pnt6TYccywpECPt6Af7RvE9R1WAdaMPF8CsED2wMz,2709.45451281
45Le37hro2XiBMdvBgZx8uBREQAh8CbGifdRxmy95xBb,2705.36721078
3SCvv1EnKQNvqJ7n5nbrKMfiT5twsq34bP6RkLNki89w,2700.04350165
4FjWueoprSTiQSDm5pvcJqr7su5qMBtj2NVtBo2XUeLP,2679.11461308
HqqBSvST8SKqYkFzrz6TsgxhkoYMDwN7PWoAhXghBad5,2586.47537646
BHrBAy7G1Nq7q2yDD6bYFEs3ccCvwszFNTMhbtmm6Kxn,2550.04108491
8VKR4HFMbog7rP8TVJ4U3EWniDaxjtbbk1bf3FDAakbG,2497.05634917
5B5qLUTSxLuDcXGWvqEpBtBtB7z6CBA6ivydLqGe5g3n,2482.22904093
4oS8HfZrHLBo25svW7cY9GSqLEUG4GPutGpPWJpCzH9P,2465.41678491
4oVSWTpgC28YsECK6DNgC6XwzLrGwGqq39TGD87EwdDY,2433.99793965
H5y3ndXvkPAEC9wPcS2MsXaXDnBBCyyTGKTbgVMxjEZS,2426.17064658
AUggYqJNJKA9j8VMjY5CmAJzYxjeSSBPFqBu8aic31ib,2421.01776636
5N8nmbwLAEPFPh6KDaQFh2u1X8oozpfNsAi88mXNgGqS,2405.50597020
7dAoR9y1qDdLhpN1AxUhHteud91XEyPGhZZLRrdhSSND,2402.84896776
5EAqH87NoyXJoQGU84i15b5iTVHGjKBfvYrdpoFWPtpe,2400.03866814
CzS1PJ1NJmfJ2x2CSunVCAXNwurfJo3KXXi2c9jYmLpo,2355.22261992
BeipmSDVEq2YXrv4P864Q25apvQnsXtU9ZEfnx4TMRRq,2330.62623651
JAnWo2CSsBotm1u7xyeb9ntKaRYevcNWtk1yy6cjjmRE,2267.26460523
HmkFGNCvJgVN2MVKQ1vDKCjUSR2offAbEmcEDx7DgSUF,2258.91843435
2fvY7eqYs7ub2s5ijtHshLxV7vHMMiPjgGB9WfJCtM4M,2222.77936518
5PVZmNfrRnqWdqvwSTTUa6CRiDdn5Z1XHWmV5H1EJPAX,2150.00595303
HyNiuntjo51d5paTG7rX5XLLAAi68GQMN1STwSmvna4F,2133.91671183
GkLyefbpd3h5w7MF4yNNNH5vVy4f54YbmLzoC2Ne9XbD,2124.90845706
HUncd7rgRU5DtKKYEg8Pa3KxaJ6YdyyNV4UquKmMqmEE,2100.44852217
4RqN1V8b322EwoW6AXS5NYAxWGcA41JSeECBCDQpYAGf,2047.06921644
FVQ9tMDxguSAvjN2YNTxbMXgv11CtRzWfX8aYRtquVqT,2027.15219187
6MFud5wdrjDUUMkKs1XRdneAXsRV7zzyVNN8BT5MCXR1,1998.38307957
7iHFGgcbsiXqFh1PNj5fjmheWSTEhuj27N2jx2RZh1fQ,1982.18265378
BaR7BhFifMWSz57buFh5TuS9VbmsbnnENj3kDDeoFfF1,1842.95994336
HCFKPTZ4dirffbiM4JYprg9BRtL2js3bH5gNw98J7GiF,1800.02900109
7BmimcVGBFSgoT2eYwL5rvPYStmuRj9UtMqbJ4D4xLbG,1737.80458869
3mCzzAX1wPqY6eYx5piihJic6cmxJkB74GwqHypQwrXs,1692.69487008
9rxbxAEd9jAvNpVn9BPEZJ8uGdoqMNWSnwUCLZaAfDB7,1671.38022429
EqAyLKYVmTq5XNvDwThjm4e8P49AJeBDfDRWQQ1aG6TF,1649.14887180
A8JDQTCxJwwm2Es246NqJCmTUcu1YGNbADqLG1nYBwUF,1647.20420715
CsxkpRGgenydShvWxXBr32dkqS5dkq4u7fod53JvW1qV,1630.71392106
63QCiAwr4Kvh9TkFAYZKk1yG292d9zLSBWx25wu6SMVk,1586.26728792
BbwSE4QAY2KLzZvVEcu2xkSeADLfgYMP2TLEwbZ6Bbup,1565.27001429
Ezjgd9m9arnG41Jgh1LcLx59fZFAZ8G5yQ6M1gedQFqb,1535.65906881
7y4Mz7yM7DtcL9jPkEMDrmVojNXGzVQgHhVKAcgo2A7v,1515.88485027
BMzGLf4GNWGqaZv2E3NvUZarJunPN9VLdTjwNNn2ftUk,1514.66023191
Gux28LY6opwsfFE3Yx4WbN8BJGdZrokGnuK2fLqML8oX,1504.18620459
zJfRDMDmrEhh3QjGwkAwMRhva8v3sgT4avvWuh7po5Y,1502.41891872
4fiJednAKe63Vsnj5JdkjvfDJ8DLcwpiYnCpQmGK8eLn,1501.44553203
3o5Q8QEaZEzeT7xMsB6odMKiwxoQJXq9pxhAiiYEJXDj,1500.02572728
FxkN2UsSKgwDuMnPiyZYguUtQjbDLDRfmiRN5tFofH9D,1500.02416758
4MvKazZsfTAo3ut9wHaCtxoDbbeUAJbfXQTAKpVEHrwX,1500.02416758
CbrLokD85kRRBeQmRq3kD6diiSM1U8LT9b4WiN5arNVb,1500.02416758
DBjDJ1NBtfPTBhESZnjzU5HbhrHEaVYxJM3KZsJfBS9P,1500.02416758
XAeHmZnWhHgL89vVTcbgrgjCAkS7g7bGvjTmMJAzq27,1500.02416758
GDMs39o695mGuiR8ZWtLQuEDGQys7bguUVcJABvYZxdw,1500.02416758
GtjLLMZTEMoJJXmxtXujL1qb1mD9R4CamXFNYomT6CtB,1500.02416758
ArFcpgPc2BnMKXujfmUw3uzjVPS5J43ZcaXZtmcRqw9W,1480.59801702
5LTummE2fL78rvxrWLVX6YBcmnFQS4rd1gjE2Ty2Pm4v,1478.56249119
6jsk54wYovi63MhzYCbWezq1wtF6ZpPM1Z94U5inyXNQ,1477.17804165
4rD7zGsr7Vs9Mcb9ZECfjPX51FqiYd9Bnqnd1wDuyC8b,1450.26977106
CFqWuuQtAr6QFV5zY7XfDrti6kqacyKx8ddWLphdiEen,1446.63643554
HQeprzvpiTbkgHoBodj7D8yMHZA8T6j8WBpaqAvdzK8n,1429.43048157
5jjYf2nXCJNncWHHq7QgGzVK9rhUgr3GmoVV8zocmK83,1427.68022211
CbTFBvcex9vuNhYsB4c4mJrRUzqXKeWaFWZ9ud1a8rh9,1412.45966325
8itixPFhHhJSxkyyK4Qr2JcRb9yQjx1WuqQWihVRcEY5,1387.37006694
36fFh79RkAGfwrXpE6MMJBD8YGPPmcH4uVzeSi5Nbcbd,1382.99342403
4dXMseycpHYBzgP7FbL8Uiu9FgFZuzH4VfSC7YoyozCn,1377.19595739
8dXz3F3poW3PwUBtrEkXm7MCKjxEKCqJht2nwkGcvtkk,1320.14332815
HFygDZK1jvseAXS3QPZ4bGn28PWEHQfYqpnmPvqFCUmV,1305.10329999
A1pdQMCZVLwUkV5b5MSD1agnbjuR9TZEHBDCQrkWoBeH,1301.32052976
3Y1TdW6ixV3H5RSkxQARuLdUbE37Z7QTNBeBKJTSkYrK,1291.20861627
3YwmdwtixdzA3FwmKetRpGu7VQDTrSsDk4APiFHxMhUa,1279.48381122
BuuSYapBipJELgv3XSMqGSE2VLVTWtsbAxqn4tkPSJCZ,1273.88963976
cmBw5mZgoodbu6aA4h23yTCVin6VovZq5Kp6zXAn2xf,1261.57653330
4iCLyqL1EZwt2exE2nFxz4FD2PhwvVuQqsEZuYJXBEJE,1245.02373057
E2k4R9CGeixamCM76ehfNJci9PGD74QwyQSdFKhYSTD9,1241.80815966
4PL4vd21PzgNbiY2VBNd7CLigTHmhVqV7gReSxeT34uP,1236.95448588
DockuGgo2UiWfCuV8YiDyD62nj2etVsLrPHbVUK7hwxs,1230.55794453
D5jx4wmxuPz18hqmgpCMLGVq3uSksCafCp5xjVe1nw8p,1226.70059472
51Qf5RBTBC66mZqpsnSXaC7pofxDJ8X4UWQNtpTsENJP,1221.72168372
GB5g2xSgMpNN56H9cFVLp52bRwR38YTpSGEL2KBq1eMp,1214.94972432
2K22Anr5TejKAHvx24FXJEAfGYxCZJ83eX1bbt3hBdBn,1205.39466321
y7VGjkWKmzsh9cU4ZbRhoWkRfPGAazBV34FbNWLpM5j,1200.01988706
7MoQGpLcVjDnYEYFSVc6sWeQjQqCaM8LnXBmcfc43o5H,1200.01933407
BnELXXs56gSYm31HjBm9z3U1iqv7B3DkFTcLDCWxtbwL,1200.01933407
4KXNcnKRq3CfVkXTLQj7jat56MqHE972dao35JYWvQZY,1200.01933407
2DVMUBtMKWULfSyS8kxp5C2d8mnPaegCMDpwJLv7YJfB,1200.01933407
6B9udzpFcEQWzdrVRMHXtqrCtaVFttJ5c7tC24ZgK4Py,1196.08327065
J5VW6LAAt33DkR33ALVAevqrSj1EeT6bK9kfdF3KzrcH,1175.89363596
21tv8NK3jKLfnzKTRhn8jd99MPpUubX6LCvfSNZNkKKq,1168.09905837
51nYMHnSPgSxipziHz7i5sACH3ZdEZckWQgh3NGkLKA5,1162.87397040
DyqqToFKNcMrkBAhahg77hExrc8ZavdNsL2TWWgUEw8V,1162.15732527
GVxoTa25xk6ohWCjQarHs5fHjfgKkWT3STux5tz2sdNF,1156.65840201
FKn6k5ZgpyDcDvcKvkCQSSqntKjbAjAVE2Mo8tQcdboo,1149.38969559
6miCkrycqGazW1MeQ1mkZog48qgD5uq1NK5f8ZAgXc5T,1135.49944932
Ceecv544K1bupeQv5nyL6YgkVNTEDsJmSSFChLGrBUdi,1122.33296742
5gqNmuvNQ9qsrcnWtu7WY3S8t8qBpJmaEciNYvuea27c,1119.07621140
Dw4UGeT26N8B9C6RCNRLn4W84A5nsFEaLYUvUUhzi4ZG,1086.23706774
CXhpJB4tkm5HU8BDZsPFXESqhK5FSk9ACA24S348uHug,1076.63238003
9RpMdkFvny3hVSbuRaYvP2ui1HwbiuQ63RrXBYVU6XnM,1072.51408035
E2VbAxyeJQP8i9ZfibnBKqkByE2TsoABHBzdtXyHSsDx,1069.24023228
H12NzMVXhwe3kKmYUnpBzphwQ1yboz5hsY95a494c5Me,1067.31866943
G7PMA4GcpmuKbSX1xpzVU8AyMz1BofWGHntyJYztPQZL,1053.73682865
9DWhsLbTuoyi9tzj1NKsJCSivgZmk9HFagumaffpWqFc,1051.81685148
G15eaThPjpVCsyYFA3MTAhGPZgtzvkFhZrtP8Q78c4QP,1050.22499532
FBP1jQnQfCwcAHJdLQUFszgsE7eeXz9GHWvUfLsjsyhU,1050.01736871
FnsuZtSFQRdcd85GpAoFuJQcDcSYVARbzEyYRMafjvSy,1050.01691730
F1NPgegeV2g1DwT6KVogkCSFTQkwPYsMNG49ojmnR45b,1039.64016777
2ghtZmFaP9tjK4wxCnf9mywgPvVwfW5DQtFDTfbYHFbG,1038.73535676
BhBJkP1DC8QTLDKQSNrShw3qjVnaB6qxjCyhfRFAdmtU,1038.73535676
CpRQtrEAa8Azhmo5Zpu7MNn787Kywh5URmK1hEb25Vhe,1036.61609706
C6rrUNwvVVoCzSrSn75gdvpiZNLKY3Hu1JzWzBwpDQDQ,1034.43444378
G7HUxtKzNJT99pUTLX8GkE4xr1MQhGnoQGyBSNcUAMMN,1032.29745807
3W56TbRzGqJ7deRndC2GXd6pW6kuqeDRNZTXfrHEteUS,1029.49751316
E68Y9r8CqQqT2ki7gGiWgEcR7LotNUwkHtHxBwqivcKQ,1020.61922568
GVbxMZHDwUB7u9DsZYeKoiU5oMK57NaARqgUPgpBuD2i,1017.19912857
7y5JYL58fK8ucjfDsfRhvVS6ycUPA1CYsNXh45G3TYt8,1015.39653177
GSwEzmYXmNLe34GpaAzGYw5KSHFwu6dJEJBaRy7joNhm,1015.15466691
Ha69SMxLJhgMSL2diSVTNQknDG8ERpEsG47Q2mt6aFRu,1005.35000445
DAVj6xWcoRRXp6rYFvEQP9v6sobG5zyTH1gF9yZcVuus,997.44889179
69zsLcUnjLwNcLwsKbNBJh6Z1EFdEm6RNyPjY6oGHgA2,995.17098672
AiMNnyJjMRXUHuc2wD2u6B3ot61r56DBCM2FP7HGcyW9,990.58324623
EePXBMLrzmkPL9oAGhP6EeE6z86ePZvbA7jniTPECEkD,990.09163800
2LuJkDuBQuSMfEqyUwwNZrThR4UyyD6K1fvkcE41BXNA,988.26636348
ADkBGqURGEwY4DBQpN2r93BAyajiXLcJnZXTxb7J9Ak8,983.90425446
Er8DUgchB8rSc2exJfnpfMy7C51tzCpvK6igfzK6dje4,970.20428730
FLJGPREEaAK3w4DqDDx331HexxSQ69S6KEYU62ABxV3e,966.05841348
H4sqjye9DbCLCEYkfnw4QVsk2cromBEkD6a4K1Nu8o3L,965.52518829
6wmG45h2AdTRzdDLzbrsr3rUutH8CmvKBfqrgYeWJAAx,949.66476048
FBLwH61J2M49AW8psPsRF9dEzxYWLxiTUyUr24DHgxXa,947.17911180
J7HsfDoG7gJapa5Bf48mp8qXWXNdrsvq5mWe7k3r7fYs,947.09083734
BhBFE8uJ5iKohb14TzgctqsBCn6WCWNMdfvBtqorEbJL,932.53601925
44HmyuEGrMQqwJihKBfHdMqP7DUMR7advYetVdS6PEN2,912.36310845
6Qm2rahrSWHjcEPJBvb2qkd1mFEnhZtedyQqPnodaCNu,911.48710893
8hmWfMzDihbFHAJKRwjGopBvvNcRcjixSLuTrLTifDdG,904.31515545
Ayu7SSTB7c9K1XxiappwApj5PpwusocXx1BBA5AhtEWo,900.32302215
8JPYjEF8AifXVfkrgW7JrDe567ZfY5CMd21HjtmkkAqF,900.01754739
14tMjQhQahhyk69pVtXZKcKGao1WQwggrTVbhn6yGUhF,900.01608771
DAT3VAXF8yLrEXdMechTGh9psjMrho8wQvpo5TudS6ZA,900.01450056
Cr1n5ZTc1W42zxHQ2LEAHUyvKPrm3ABAHKmFABMh9bKT,900.01450056
7iYJ9xs6jiwiPpzrNj4Evf95u8Wbb52bjpQWHnXZVPEo,900.01450056
EYcNPH51k8JAmEsdRqxwfc1k8rYCLdxZhyiBp2HaqFkc,900.01450056
EUx9BAs9gzLgEpuuYB3rCZtvDjzbxw2aQW4Apwz8L71X,900.01450056
8gZeJ8Rc4jMkqc9AYBEjG4jRBKH2aLgPqr2aBa3NoNaH,894.74606664
5WWuH4WRer76oMtWvj3YqF2QGAputQQNizbmNuhsN5xY,885.95434104
HMMfRYeD3GFMPvGm2ht6h27UXSiyi3f9LUtcNE9uYm2g,871.40114601
Ay48CVEhWHYGtnznSP8Ceso1TTkgneGpQAkh1ZncRUNj,871.07322465
4DFq54CRq5Ym9SW9zE4qXipjaLkad9jC8QJMshAHnq3u,864.75477828
9GZqQS9cvtzpcQjV91KuvcS1KK44U7XrjjC7PSLP2qft,864.40695891
CWsorWgFCKJueVGCgvH9k7ZrcugMA8HKXFkWmdhnXyZ8,854.43461523
CPrJfr859gpmnfVJ2vRvbAXaf3GexoZE7wBSg2n2Yxpg,853.28360679
GMKcdtXGd8RXeiRCMbRg5bFvwKWtqewHLWXmDdHWbwwo,852.16372251
5RmmN7TLUD2GtPRWXb3MgpKV3VG4Gf3C53PnWXv7nRUk,845.03141196
Cczj1dx567wtdKKcfXC4TLdKQB9QJTi7BCBCkgtNWBwZ,843.37469370
HpFC5HoiFM7HYdLWbdZqqR6JZLHg9iMp7jZBEbS2hSQ8,840.01353384
DC64mhvb1xFjv4i6yh2DCjJ8wqHeEEYbjC46NRTkiALP,837.58562787
5EeoW3xUmSsiagrA4LAh2oUvd5unWN7AyvVksjLFMbTH,835.60073910
HA6ERFmoZZKmRR7wdETA3Cb5SrbsXXDkZw42kRnhTZoT,833.63247327
5VnnDb6r4i8aTw2iNTCiHt4DmbpKnPBZQHNp5QFA3pgs,830.83903794
GCxBRc6tCddJ1HEb9vk9cKKUvVABZGHUCbwTUzzueqMS,825.51350214
G5XAKzFJbyitbap9MEcdweA2mHmAz2kpGYsSmPJhVE4d,819.51031272
e8AccCK2dgkfSc4BgxPiJzrLW94WF9Q9K2YrLSDaWXq,814.30114128
BgEy4Ak8Z28nkv8ZEbGGC9snzGnoMLZ2tF3cWeUfF38f,813.16304892
BVMFTTsN3M2v6zk52iyZ5MzkEknj7HoyLdzD49hhzdzJ,806.30917443
BQjPEDrxwX1rRziUAytboogYabAK3oCwacryHjLobXQ7,802.86487353
Bsmkt1rfz6ie6tUBA3WrQAg7VHL8KrZzhkJiy4s9emzT,802.29789435
BdYZrt1bX9tEo9tgZo6yNqStmX71WfvSqxmuKByp3LBJ,800.01388941
12C1XJKhREFeGyy5fLVNa3rkVeFjgTiUgusgUokqmZGE,799.37983239
DtDQt3An2X6vKFeKoejxZ8rCzmUKnsxsooV5sLrKUqgn,797.45234685
8WU883TauJD4bjx4xLgbTc3UjpR532Wr2TSCxpDignCs,794.44710564
64ffBUa5qYeHwks9v1PQo98AX2eTScP7vxQhaawAdiA7,791.57521641
GUgupfZrmNKMmngdTNKau4mxyov3u9tgLZCzdmU4eVXK,790.82713371
EEwpnESbkpYFTae5JrDWSgXPXzXbct5ZZMCQMy19tywy,784.76197719
7vyCKRFFZik6qyw6ZvJURUpJdUH4qxwX9DWxG7o3kMkr,784.44276036
79MrV5paMKMSdUs8bQGMPAbc8bxkHY25tvEo6mKf1TmD,781.31856525
2vC5n3LJ54moeFGgEuBmrb3HWNPJX9ePjx7CrzhXwF1d,781.10569707
46rbGYELDsTg6fTnYeNy6R4tzy18vCyUSNaNqVgGG5Ak,781.04083410
AoVd1fDczbvwsGiGHNhcXPP7nRrREgDzQThpkkHzYVMY,770.54701440
C8iVXaTE3pg6rxn36tHzonhd16hSQzEcNYFLcSf8SmzW,766.15735983
CTwSwS9PTBcWjKwqXNHHWjugdrfYLYjQtt8Y1Ufg76mD,755.27151072
GUSp8BDYGx7WGj8i9DXmMPxoeXXw8BmepC83sq5hXM9p,751.01807454
54eHD7Rq9fKCD51qJgmqrrqECkXg2RRh3FVYXLAmDb52,750.39968916
BcMUyRqyAZYZr6R1YDwhdNAo2wRybKqseXrnbR39kaJd,750.01208379
2EJmmYmaGq2LrVeCiMiugM7YWrXSoMCv1DmRmf2DLtz6,750.01208379
8AwnQLTbKLvEzamccaaTcZfJXuc1uPUt9NgEEcveoYqe,750.01208379
ComcUBeYwShzJC47ESu8v5fBNcwtEkjvefNy8BWBhfA9,750.01208379
9XMyEUWRbNRs2XpBZNSTnX1hRgmUZQy7tozbnczu4ukM,750.01208379
BgVkUJo1XeNcApT3dHs9jeyic71a5NJnsN6f4q2cJ21w,750.01208379
zNe5isT6nXtsjAVAHJsNhbbKdAomP59tZAG5anc7tCk,741.17166540
8CmVYS9wkYQispTLacJndxkvqrBkVAJKLJu9MSFcnTqx,736.39494330
V9kGnuquCsScFbhXcobtqYtHDPzVE2eHT1ogPYRG5Md,736.28370261
HjXQFXtYs1kgQbibABiE1YPQozYfoFJ7RxFNGTjLz3xw,735.01280847
H5EP81CTMVt2b7usXecoUHiZBpk8dTUBkfzyiTmMjAah,726.23325372
4iR7Z7mA9nxbqfrbgMEeFQRFvCXFP2h9BUwcWWp4TBYd,720.01160043
zuNroiPXJpkKGMAp85ThbfW9L1BZCMjx57RPFML9nGP,718.56859893
GM3YA6CG2NuSM8ykJY4yWjZL7Vc2ua4K3khtDrFfXseU,717.84704166
B2FhC6r3pF2oj23eHXq9uqGYYJ3th3txusnhtH12auw,713.77338033
wWcLkhaU3YqBNTcCKRLZj8UvWJTjLv6kPkwQst5hFfb,710.52638025
72aPKanE7QmoRLHThaxnp6orUb2HAragJW8jbcS6Wk1J,705.49511922
DAWm9KtySYbq9ySqTndenxrDGMu9KfR4KnJUXZmzrmSr,698.99440968
FYyUpBn9T3EJcxP2oUyVQTdt3gRjUVsFWT6Cs6b2gwgi,696.26186346
FzJsyS5KNo7wSVcsUZTNpubYfEbqLmzWEMmx21yeuRDG,692.07387456
A8PQsXd9kum2PAiq5Xr2Aqv4T9i1a2uqAhtYZqBCz5E5,691.10630946
FzRwFTYByUDE4QXhbpVUQ7ym5QqZ5tn64AzvtCMZ5i1A,690.48069285
Di81ZCKgqXAoYcEnRUdMSbXBrJnzyGUxeNnacRmxASXU,686.85359724
DtpzZrTj19CLcaTuptANfncGhPmuzt11esvnY55MLZq3,682.10763321
BEX7MtyYjqUHjJvQyZRUwQ7xPiz9c5MgsAuZSASZvtpN,681.26265255
Gia9ZSNG3JnFxRvP86CeQ7CqJMFPJLZzjeR8CBTnr5fM,675.10484244
3kiTedLyDpQ7tCHZEG4vTwTrLN9rpFVSfeLBuL74L9kF,673.47958131
FRo3UXWVBUhJKTfE7cCXteKP99vDsT7epkSpq95VdGix,671.30589750
5mBNAXEf1GExEwvzruUdBSveLcQJCgX4qG3LEH4hyZuK,671.16498582
6uBGWszKJfvBp7PHHezMLCNGZtCKRSHjJZYLjo1rDxsK,665.57293422
5XKz9PMnNTFYpiAsRusS9rMxfCKV5SVYEjctvCSL2hMT,658.81036362
9KZZpsx2LkLLA9W7CcopLryaM6g3YpeX9VTSgCy2uNE1,657.70049910
EdjZSsN59TTVSZPiB45k5WdTFLTehjTTCF5FNUbwQz4g,652.33650246
FxyoJNa1bzN4MMGnuYUGd9dAYsdTofhG8PDhaiaHBWXc,650.74209120
7pib9t7tqveVRdMkc4fn5br8vDB569ddriVkwVjWMmqk,645.57470547
HgxkJQ9UsfYNCfTxwUpFtJ9qPLuPS88jsCRujAf8AmXQ,645.33677751
8gFXVXUppKbiAM2pimk5zZrs1KZLjaPApX9As8No4mRM,644.68218036
CsDuybp4yvzrxXZRMG9g78YjPP1HfcBQWuBNroWmJ1kb,642.51028467
BV96iS6XUDJY6piF3eReSaoKCxxo6qrQCBw8eGRAaqYP,636.00841128
49bNvW9GLnXT3sQX4cqCitBuaMDMfsgYcG21ogUmUMWM,635.95518168
FR2QX8EMcMbPirdMWn7pEKzCMoHxVeTQT8NiKvFhLF4u,633.90393993
C5SEaHqfo3SgEyGaJoTg5NooKkjkx7uH7krwW5w24mkD,631.32998874
6P2i4pv9GZTH7Mmm1ss4spMX6rPk91UgUkKXET53LtNG,630.94424385
BNkoqCreN8X496TAW3ZMmAxwKFZphn8UTtxQZNhhmcVB,630.24903981
DzZStnT19aSNcRFmcnR3EVdnT9YdS9QHP3QwacnLBkN,628.51779723
2kzgqU6kLD9s39FMFHNFAt1veGronCCnokruyDbheK7C,628.39653711
GkctYSzUjrEAzJ9FU9URCAEgeYE2qCv7ZjTmBXHYbirm,621.75015534
5ab9U7S3E1sedMSpPbVe3dQjjfwy9pQPD55xpMyRSwrh,620.88759270
7yyPLG4H1G86CaqpJ1VUoej8NACkoEb4eAiF3r9NH9LH,620.43639207
HoNsNyVWPLJwfL3jhFCf4upDrKeDd1jyAg763eD6F4Hg,619.23982566
AjkWBvTKmW1mm5mjWRXf9FdN9ncZzUtcS2aYwQJNpeh9,615.07763175
6wfAwW7RQue7FFPWcUCtbkmpc1c5avwzjT38JNzcXBhe,612.89253327
6VqgSWCZbuHEiAD1KXZt64BAEu8q9mE8ajx7rCCxsiu2,611.85445065
CBBtfZtXZAmqrSWtiz9qcTXNwptte9zAetQgKdHcEdnD,604.68692670
HThhDDBozSevsPkJhNR6G5hBUyFGtnFpd18gqBeLzxJX,604.01239221
4rLycvXojmE8JK7PYRGkGC8uCPysVi6tLaDofb9JoG9L,603.04714197
BUkz3KBmBf7YZcLb8zLS5EmAXvCX2BNV44X5FjPWXcPd,603.00971538
757bihWrfoXdZKezu2wnsviXereNKuUzDUARqGohcpCP,601.28862546
Heq6Shea952RNvhYVHby3BmQckgjVx1aXXeRHogv63tm,600.14517606
2oiZtp64rq93H2vvkvDWgkPEGjsv5i9k1a9gPFnYuAqb,600.08651847
2C5hmWjpLvaqLa7gFWt8LMx8JGA64miTkBimyer4hfkV,600.06644394
FUhAruS8FLGSXfNgaHPVxfRSdUYuxFPhqt4bWfKgJv5f,600.01245147
6v4H6FmJdRbcyB7eTUvbiY9QK81N1kbvN3x3gbWVDNkY,600.01131321
APmkd2eaZL2Ysug9MCYC9jeeQMA1zL2pYjAh6yZ8S7zK,600.00966702
9f3xGrE74nVzhwV3CecWkw5zo4NK52dEPVSdGgBk9Uxi,600.00966702
ALzCEBu9tm8YMeV4AGmW3kzTW86z1ewbNLqmtSwExSqe,600.00966702
DTawXiBRdEGtPypCEmk6d69dkPBMwNwAycRKsvbjEtsm,600.00966702
4U9FY6XuzDNB59igJXsuL5mCsddciywKnscCgJUPyTma,599.41266483
GVste21FLVbKurXtRfCLXpfury332vKdbPcrrBoLECVA,598.07716740
2RZs4VfnPyWBoex9mrQDYv9roeqkXt1fp9XtATuH7qow,597.00866184
HFu2gx8CDXqFRBVZ5j7cLocCyfdJQPnYLfkeBGfY47uw,596.23371171
6XabU7H2AUKhovgWG42UFKaXTy2DJu6WCXMkD829S3wb,595.96172796
BuYKiAjJ7TkuTCjSDiDAtg7BaFE93TWGFtdoP7RJLJRY,594.99145044
82MsEJUsQdEWbCg8zkpgUeShCLzF44AS8C935bYGEtXp,593.62251750
5vS3fdU6zjwk3NwADk8ybWwPoCUnArBK9oUAiPxg2Dxj,591.68855685
97dg6qxFL94Gxa9cwLypEk6pemTMv6RdK9ctFEjNtvzk,591.36611877
G8ZHz5ZFM4pcKp9gojSLF9J5UHR1uPLenjbapL78vtgF,590.16406572
axRZ53FstVEAPktbqu4d4zom7EAe7581V5HM5bti3gc,589.72153767
8yW1UL6VEfBb6xYvQqou62NYiL7UQzoTXqVvuKQ5HrZj,585.06641997
6vjSnjzPM5ZT2ZNGtuEVa5UF9cGiuc8me98dwnHWdGHf,583.39723440
7Wn4YPX1UXRHR9KazWdJ2hYd6xE3JwmTNRT1RsYUdvgv,580.93775154
FMZaFX16Gc9kPcVi5w4y8Ywr2mUCsjKdQrNgLrSgaUfg,575.90377464